proteome_id,component_name,fasta_url,status,file_name
UP000019148,Unassembled WGS sequence,https://rest.uniprot.org/uniprotkb/stream?format=fasta&query=%28proteome%3AUP000019148%20AND%20proteomecomponent%3A%22Unassembled%20WGS%20sequence%22%29,Success,UP000019148_Unassembled_WGS_sequence.fasta
UP000001205,Chromosome,https://rest.uniprot.org/uniprotkb/stream?format=fasta&query=%28proteome%3AUP000001205%20AND%20proteomecomponent%3A%22Chromosome%22%29,Success,UP000001205_Chromosome.fasta
UP000001205,Plasmid cp31,https://rest.uniprot.org/uniprotkb/stream?format=fasta&query=%28proteome%3AUP000001205%20AND%20proteomecomponent%3A%22Plasmid%20cp31%22%29,Success,UP000001205_Plasmid_cp31.fasta
UP000001205,Plasmid cpD,https://rest.uniprot.org/uniprotkb/stream?format=fasta&query=%28proteome%3AUP000001205%20AND%20proteomecomponent%3A%22Plasmid%20cpD%22%29,Success,UP000001205_Plasmid_cpD.fasta
UP000001205,Plasmid lpB34,https://rest.uniprot.org/uniprotkb/stream?format=fasta&query=%28proteome%3AUP000001205%20AND%20proteomecomponent%3A%22Plasmid%20lpB34%22%29,Success,UP000001205_Plasmid_lpB34.fasta
UP000001205,Plasmid lpE43,https://rest.uniprot.org/uniprotkb/stream?format=fasta&query=%28proteome%3AUP000001205%20AND%20proteomecomponent%3A%22Plasmid%20lpE43%22%29,Success,UP000001205_Plasmid_lpE43.fasta
UP000001205,Plasmid lpF33.5,https://rest.uniprot.org/uniprotkb/stream?format=fasta&query=%28proteome%3AUP000001205%20AND%20proteomecomponent%3A%22Plasmid%20lpF33.5%22%29,Success,UP000001205_Plasmid_lpF33_5.fasta
UP000001205,Plasmid lpG29,https://rest.uniprot.org/uniprotkb/stream?format=fasta&query=%28proteome%3AUP000001205%20AND%20proteomecomponent%3A%22Plasmid%20lpG29%22%29,Success,UP000001205_Plasmid_lpG29.fasta
UP000001205,Plasmid lpT39,https://rest.uniprot.org/uniprotkb/stream?format=fasta&query=%28proteome%3AUP000001205%20AND%20proteomecomponent%3A%22Plasmid%20lpT39%22%29,Success,UP000001205_Plasmid_lpT39.fasta
UP000001205,Plasmid lpU43,https://rest.uniprot.org/uniprotkb/stream?format=fasta&query=%28proteome%3AUP000001205%20AND%20proteomecomponent%3A%22Plasmid%20lpU43%22%29,Success,UP000001205_Plasmid_lpU43.fasta
UP000001807,Chromosome,https://rest.uniprot.org/uniprotkb/stream?format=fasta&query=%28proteome%3AUP000001807%20AND%20proteomecomponent%3A%22Chromosome%22%29,Success,UP000001807_Chromosome.fasta
UP000001807,Plasmid lp54,https://rest.uniprot.org/uniprotkb/stream?format=fasta&query=%28proteome%3AUP000001807%20AND%20proteomecomponent%3A%22Plasmid%20lp54%22%29,Success,UP000001807_Plasmid_lp54.fasta
UP000001807,Plasmid cp26,https://rest.uniprot.org/uniprotkb/stream?format=fasta&query=%28proteome%3AUP000001807%20AND%20proteomecomponent%3A%22Plasmid%20cp26%22%29,Success,UP000001807_Plasmid_cp26.fasta
UP000001807,Plasmid cp9,https://rest.uniprot.org/uniprotkb/stream?format=fasta&query=%28proteome%3AUP000001807%20AND%20proteomecomponent%3A%22Plasmid%20cp9%22%29,Success,UP000001807_Plasmid_cp9.fasta
UP000001807,Plasmid lp17,https://rest.uniprot.org/uniprotkb/stream?format=fasta&query=%28proteome%3AUP000001807%20AND%20proteomecomponent%3A%22Plasmid%20lp17%22%29,Success,UP000001807_Plasmid_lp17.fasta
UP000001807,Plasmid lp25,https://rest.uniprot.org/uniprotkb/stream?format=fasta&query=%28proteome%3AUP000001807%20AND%20proteomecomponent%3A%22Plasmid%20lp25%22%29,Success,UP000001807_Plasmid_lp25.fasta
UP000001807,Plasmid lp28-1,https://rest.uniprot.org/uniprotkb/stream?format=fasta&query=%28proteome%3AUP000001807%20AND%20proteomecomponent%3A%22Plasmid%20lp28-1%22%29,Success,UP000001807_Plasmid_lp28_1.fasta
UP000001807,Plasmid lp28-2,https://rest.uniprot.org/uniprotkb/stream?format=fasta&query=%28proteome%3AUP000001807%20AND%20proteomecomponent%3A%22Plasmid%20lp28-2%22%29,Success,UP000001807_Plasmid_lp28_2.fasta
UP000001807,Plasmid lp28-3,https://rest.uniprot.org/uniprotkb/stream?format=fasta&query=%28proteome%3AUP000001807%20AND%20proteomecomponent%3A%22Plasmid%20lp28-3%22%29,Success,UP000001807_Plasmid_lp28_3.fasta
UP000001807,Plasmid lp28-4,https://rest.uniprot.org/uniprotkb/stream?format=fasta&query=%28proteome%3AUP000001807%20AND%20proteomecomponent%3A%22Plasmid%20lp28-4%22%29,Success,UP000001807_Plasmid_lp28_4.fasta
UP000001807,Plasmid lp38,https://rest.uniprot.org/uniprotkb/stream?format=fasta&query=%28proteome%3AUP000001807%20AND%20proteomecomponent%3A%22Plasmid%20lp38%22%29,Success,UP000001807_Plasmid_lp38.fasta
UP000001807,Plasmid lp36,https://rest.uniprot.org/uniprotkb/stream?format=fasta&query=%28proteome%3AUP000001807%20AND%20proteomecomponent%3A%22Plasmid%20lp36%22%29,Success,UP000001807_Plasmid_lp36.fasta
UP000001807,Plasmid lp5,https://rest.uniprot.org/uniprotkb/stream?format=fasta&query=%28proteome%3AUP000001807%20AND%20proteomecomponent%3A%22Plasmid%20lp5%22%29,Success,UP000001807_Plasmid_lp5.fasta
UP000001807,Plasmid lp21,https://rest.uniprot.org/uniprotkb/stream?format=fasta&query=%28proteome%3AUP000001807%20AND%20proteomecomponent%3A%22Plasmid%20lp21%22%29,Success,UP000001807_Plasmid_lp21.fasta
UP000001807,Plasmid lp56,https://rest.uniprot.org/uniprotkb/stream?format=fasta&query=%28proteome%3AUP000001807%20AND%20proteomecomponent%3A%22Plasmid%20lp56%22%29,Success,UP000001807_Plasmid_lp56.fasta
UP000001807,Plasmid cp32-1,https://rest.uniprot.org/uniprotkb/stream?format=fasta&query=%28proteome%3AUP000001807%20AND%20proteomecomponent%3A%22Plasmid%20cp32-1%22%29,Success,UP000001807_Plasmid_cp32_1.fasta
UP000001807,Plasmid cp32-3,https://rest.uniprot.org/uniprotkb/stream?format=fasta&query=%28proteome%3AUP000001807%20AND%20proteomecomponent%3A%22Plasmid%20cp32-3%22%29,Success,UP000001807_Plasmid_cp32_3.fasta
UP000001807,Plasmid cp32-4,https://rest.uniprot.org/uniprotkb/stream?format=fasta&query=%28proteome%3AUP000001807%20AND%20proteomecomponent%3A%22Plasmid%20cp32-4%22%29,Success,UP000001807_Plasmid_cp32_4.fasta
UP000001807,Plasmid cp32-6,https://rest.uniprot.org/uniprotkb/stream?format=fasta&query=%28proteome%3AUP000001807%20AND%20proteomecomponent%3A%22Plasmid%20cp32-6%22%29,Success,UP000001807_Plasmid_cp32_6.fasta
UP000001807,Plasmid cp32-7,https://rest.uniprot.org/uniprotkb/stream?format=fasta&query=%28proteome%3AUP000001807%20AND%20proteomecomponent%3A%22Plasmid%20cp32-7%22%29,Success,UP000001807_Plasmid_cp32_7.fasta
UP000001807,Plasmid cp32-8,https://rest.uniprot.org/uniprotkb/stream?format=fasta&query=%28proteome%3AUP000001807%20AND%20proteomecomponent%3A%22Plasmid%20cp32-8%22%29,Success,UP000001807_Plasmid_cp32_8.fasta
UP000001807,Plasmid cp32-9,https://rest.uniprot.org/uniprotkb/stream?format=fasta&query=%28proteome%3AUP000001807%20AND%20proteomecomponent%3A%22Plasmid%20cp32-9%22%29,Success,UP000001807_Plasmid_cp32_9.fasta
UP000075229,Plasmid unnamed 5,https://rest.uniprot.org/uniprotkb/stream?format=fasta&query=%28proteome%3AUP000075229%20AND%20proteomecomponent%3A%22Plasmid%20unnamed%205%22%29,Success,UP000075229_Plasmid_unnamed_5.fasta
UP000075229,Plasmid unnamed 14,https://rest.uniprot.org/uniprotkb/stream?format=fasta&query=%28proteome%3AUP000075229%20AND%20proteomecomponent%3A%22Plasmid%20unnamed%2014%22%29,Failed,NA
UP000075229,Chromosome,https://rest.uniprot.org/uniprotkb/stream?format=fasta&query=%28proteome%3AUP000075229%20AND%20proteomecomponent%3A%22Chromosome%22%29,Success,UP000075229_Chromosome.fasta
UP000075229,Plasmid unnamed 16,https://rest.uniprot.org/uniprotkb/stream?format=fasta&query=%28proteome%3AUP000075229%20AND%20proteomecomponent%3A%22Plasmid%20unnamed%2016%22%29,Success,UP000075229_Plasmid_unnamed_16.fasta
UP000075229,Plasmid lp32-1 sequence,https://rest.uniprot.org/uniprotkb/stream?format=fasta&query=%28proteome%3AUP000075229%20AND%20proteomecomponent%3A%22Plasmid%20lp32-1%20sequence%22%29,Success,UP000075229_Plasmid_lp32_1_sequence.fasta
UP000075229,Plasmid lp28-1 sequence,https://rest.uniprot.org/uniprotkb/stream?format=fasta&query=%28proteome%3AUP000075229%20AND%20proteomecomponent%3A%22Plasmid%20lp28-1%20sequence%22%29,Success,UP000075229_Plasmid_lp28_1_sequence.fasta
UP000075229,Plasmid unnamed 11,https://rest.uniprot.org/uniprotkb/stream?format=fasta&query=%28proteome%3AUP000075229%20AND%20proteomecomponent%3A%22Plasmid%20unnamed%2011%22%29,Success,UP000075229_Plasmid_unnamed_11.fasta
UP000075229,Plasmid lp200 sequence,https://rest.uniprot.org/uniprotkb/stream?format=fasta&query=%28proteome%3AUP000075229%20AND%20proteomecomponent%3A%22Plasmid%20lp200%20sequence%22%29,Success,UP000075229_Plasmid_lp200_sequence.fasta
UP000075229,Plasmid unnamed 15,https://rest.uniprot.org/uniprotkb/stream?format=fasta&query=%28proteome%3AUP000075229%20AND%20proteomecomponent%3A%22Plasmid%20unnamed%2015%22%29,Success,UP000075229_Plasmid_unnamed_15.fasta
UP000075229,Plasmid unnamed 3,https://rest.uniprot.org/uniprotkb/stream?format=fasta&query=%28proteome%3AUP000075229%20AND%20proteomecomponent%3A%22Plasmid%20unnamed%203%22%29,Success,UP000075229_Plasmid_unnamed_3.fasta
UP000075229,Plasmid unnamed 13,https://rest.uniprot.org/uniprotkb/stream?format=fasta&query=%28proteome%3AUP000075229%20AND%20proteomecomponent%3A%22Plasmid%20unnamed%2013%22%29,Success,UP000075229_Plasmid_unnamed_13.fasta
UP000075229,Plasmid unnamed 4,https://rest.uniprot.org/uniprotkb/stream?format=fasta&query=%28proteome%3AUP000075229%20AND%20proteomecomponent%3A%22Plasmid%20unnamed%204%22%29,Success,UP000075229_Plasmid_unnamed_4.fasta
UP000075229,Plasmid lp53 sequence,https://rest.uniprot.org/uniprotkb/stream?format=fasta&query=%28proteome%3AUP000075229%20AND%20proteomecomponent%3A%22Plasmid%20lp53%20sequence%22%29,Success,UP000075229_Plasmid_lp53_sequence.fasta
UP000075229,Plasmid lp28-2 sequence,https://rest.uniprot.org/uniprotkb/stream?format=fasta&query=%28proteome%3AUP000075229%20AND%20proteomecomponent%3A%22Plasmid%20lp28-2%20sequence%22%29,Success,UP000075229_Plasmid_lp28_2_sequence.fasta
UP000075229,Plasmid unnamed 1,https://rest.uniprot.org/uniprotkb/stream?format=fasta&query=%28proteome%3AUP000075229%20AND%20proteomecomponent%3A%22Plasmid%20unnamed%201%22%29,Success,UP000075229_Plasmid_unnamed_1.fasta
UP000075229,Plasmid unnamed 8,https://rest.uniprot.org/uniprotkb/stream?format=fasta&query=%28proteome%3AUP000075229%20AND%20proteomecomponent%3A%22Plasmid%20unnamed%208%22%29,Success,UP000075229_Plasmid_unnamed_8.fasta
UP000075229,Plasmid unnamed 6,https://rest.uniprot.org/uniprotkb/stream?format=fasta&query=%28proteome%3AUP000075229%20AND%20proteomecomponent%3A%22Plasmid%20unnamed%206%22%29,Success,UP000075229_Plasmid_unnamed_6.fasta
UP000075229,Plasmid unnamed 10,https://rest.uniprot.org/uniprotkb/stream?format=fasta&query=%28proteome%3AUP000075229%20AND%20proteomecomponent%3A%22Plasmid%20unnamed%2010%22%29,Success,UP000075229_Plasmid_unnamed_10.fasta
UP000075229,Plasmid lp28-4 sequence,https://rest.uniprot.org/uniprotkb/stream?format=fasta&query=%28proteome%3AUP000075229%20AND%20proteomecomponent%3A%22Plasmid%20lp28-4%20sequence%22%29,Success,UP000075229_Plasmid_lp28_4_sequence.fasta
UP000075229,Plasmid lp28-3 sequence,https://rest.uniprot.org/uniprotkb/stream?format=fasta&query=%28proteome%3AUP000075229%20AND%20proteomecomponent%3A%22Plasmid%20lp28-3%20sequence%22%29,Success,UP000075229_Plasmid_lp28_3_sequence.fasta
UP000075229,Plasmid unnamed 17,https://rest.uniprot.org/uniprotkb/stream?format=fasta&query=%28proteome%3AUP000075229%20AND%20proteomecomponent%3A%22Plasmid%20unnamed%2017%22%29,Success,UP000075229_Plasmid_unnamed_17.fasta
UP000075229,Plasmid unnamed 12,https://rest.uniprot.org/uniprotkb/stream?format=fasta&query=%28proteome%3AUP000075229%20AND%20proteomecomponent%3A%22Plasmid%20unnamed%2012%22%29,Success,UP000075229_Plasmid_unnamed_12.fasta
UP000075229,Plasmid unnamed 2,https://rest.uniprot.org/uniprotkb/stream?format=fasta&query=%28proteome%3AUP000075229%20AND%20proteomecomponent%3A%22Plasmid%20unnamed%202%22%29,Success,UP000075229_Plasmid_unnamed_2.fasta
UP000075229,Plasmid unnamed 9,https://rest.uniprot.org/uniprotkb/stream?format=fasta&query=%28proteome%3AUP000075229%20AND%20proteomecomponent%3A%22Plasmid%20unnamed%209%22%29,Success,UP000075229_Plasmid_unnamed_9.fasta
UP000075229,Plasmid unnamed 18,https://rest.uniprot.org/uniprotkb/stream?format=fasta&query=%28proteome%3AUP000075229%20AND%20proteomecomponent%3A%22Plasmid%20unnamed%2018%22%29,Success,UP000075229_Plasmid_unnamed_18.fasta
UP000075229,Plasmid unnamed 7,https://rest.uniprot.org/uniprotkb/stream?format=fasta&query=%28proteome%3AUP000075229%20AND%20proteomecomponent%3A%22Plasmid%20unnamed%207%22%29,Success,UP000075229_Plasmid_unnamed_7.fasta
UP000264231,Plasmid lp40,https://rest.uniprot.org/uniprotkb/stream?format=fasta&query=%28proteome%3AUP000264231%20AND%20proteomecomponent%3A%22Plasmid%20lp40%22%29,Success,UP000264231_Plasmid_lp40.fasta
UP000264231,Plasmid lp31,https://rest.uniprot.org/uniprotkb/stream?format=fasta&query=%28proteome%3AUP000264231%20AND%20proteomecomponent%3A%22Plasmid%20lp31%22%29,Success,UP000264231_Plasmid_lp31.fasta
UP000264231,Plasmid lp159,https://rest.uniprot.org/uniprotkb/stream?format=fasta&query=%28proteome%3AUP000264231%20AND%20proteomecomponent%3A%22Plasmid%20lp159%22%29,Success,UP000264231_Plasmid_lp159.fasta
UP000264231,Plasmid lp44,https://rest.uniprot.org/uniprotkb/stream?format=fasta&query=%28proteome%3AUP000264231%20AND%20proteomecomponent%3A%22Plasmid%20lp44%22%29,Success,UP000264231_Plasmid_lp44.fasta
UP000264231,Plasmid lp24,https://rest.uniprot.org/uniprotkb/stream?format=fasta&query=%28proteome%3AUP000264231%20AND%20proteomecomponent%3A%22Plasmid%20lp24%22%29,Success,UP000264231_Plasmid_lp24.fasta
UP000264231,Chromosome,https://rest.uniprot.org/uniprotkb/stream?format=fasta&query=%28proteome%3AUP000264231%20AND%20proteomecomponent%3A%22Chromosome%22%29,Success,UP000264231_Chromosome.fasta
UP000264231,Plasmid lp48,https://rest.uniprot.org/uniprotkb/stream?format=fasta&query=%28proteome%3AUP000264231%20AND%20proteomecomponent%3A%22Plasmid%20lp48%22%29,Success,UP000264231_Plasmid_lp48.fasta
UP000264231,Plasmid lp30,https://rest.uniprot.org/uniprotkb/stream?format=fasta&query=%28proteome%3AUP000264231%20AND%20proteomecomponent%3A%22Plasmid%20lp30%22%29,Success,UP000264231_Plasmid_lp30.fasta
UP000291995,Chromosome,https://rest.uniprot.org/uniprotkb/stream?format=fasta&query=%28proteome%3AUP000291995%20AND%20proteomecomponent%3A%22Chromosome%22%29,Success,UP000291995_Chromosome.fasta
UP000291995,Plasmid pYekat-76-lp18-2,https://rest.uniprot.org/uniprotkb/stream?format=fasta&query=%28proteome%3AUP000291995%20AND%20proteomecomponent%3A%22Plasmid%20pYekat-76-lp18-2%22%29,Success,UP000291995_Plasmid_pYekat_76_lp18_2.fasta
UP000291995,Plasmid lp72,https://rest.uniprot.org/uniprotkb/stream?format=fasta&query=%28proteome%3AUP000291995%20AND%20proteomecomponent%3A%22Plasmid%20lp72%22%29,Success,UP000291995_Plasmid_lp72.fasta
UP000291995,Plasmid pYekat-76-cp30-4,https://rest.uniprot.org/uniprotkb/stream?format=fasta&query=%28proteome%3AUP000291995%20AND%20proteomecomponent%3A%22Plasmid%20pYekat-76-cp30-4%22%29,Success,UP000291995_Plasmid_pYekat_76_cp30_4.fasta
UP000291995,Plasmid pYekat-76-lp24-1,https://rest.uniprot.org/uniprotkb/stream?format=fasta&query=%28proteome%3AUP000291995%20AND%20proteomecomponent%3A%22Plasmid%20pYekat-76-lp24-1%22%29,Success,UP000291995_Plasmid_pYekat_76_lp24_1.fasta
UP000291995,Plasmid pYekat-76-lp12,https://rest.uniprot.org/uniprotkb/stream?format=fasta&query=%28proteome%3AUP000291995%20AND%20proteomecomponent%3A%22Plasmid%20pYekat-76-lp12%22%29,Success,UP000291995_Plasmid_pYekat_76_lp12.fasta
UP000291995,Plasmid pYekat-76-lp13,https://rest.uniprot.org/uniprotkb/stream?format=fasta&query=%28proteome%3AUP000291995%20AND%20proteomecomponent%3A%22Plasmid%20pYekat-76-lp13%22%29,Success,UP000291995_Plasmid_pYekat_76_lp13.fasta
UP000291995,Plasmid pYekat-76-lp29-2-2,https://rest.uniprot.org/uniprotkb/stream?format=fasta&query=%28proteome%3AUP000291995%20AND%20proteomecomponent%3A%22Plasmid%20pYekat-76-lp29-2-2%22%29,Success,UP000291995_Plasmid_pYekat_76_lp29_2_2.fasta
UP000291995,Plasmid pYekat-76-lp64,https://rest.uniprot.org/uniprotkb/stream?format=fasta&query=%28proteome%3AUP000291995%20AND%20proteomecomponent%3A%22Plasmid%20pYekat-76-lp64%22%29,Success,UP000291995_Plasmid_pYekat_76_lp64.fasta
UP000291995,Plasmid pYekat-76-lp18-1,https://rest.uniprot.org/uniprotkb/stream?format=fasta&query=%28proteome%3AUP000291995%20AND%20proteomecomponent%3A%22Plasmid%20pYekat-76-lp18-1%22%29,Success,UP000291995_Plasmid_pYekat_76_lp18_1.fasta
UP000291995,Plasmid pYk76-cp30-6xcp30-11,https://rest.uniprot.org/uniprotkb/stream?format=fasta&query=%28proteome%3AUP000291995%20AND%20proteomecomponent%3A%22Plasmid%20pYk76-cp30-6xcp30-11%22%29,Success,UP000291995_Plasmid_pYk76_cp30_6xcp30_11.fasta
UP000291995,Plasmid pYekat-76-cp19,https://rest.uniprot.org/uniprotkb/stream?format=fasta&query=%28proteome%3AUP000291995%20AND%20proteomecomponent%3A%22Plasmid%20pYekat-76-cp19%22%29,Success,UP000291995_Plasmid_pYekat_76_cp19.fasta
UP000291995,Plasmid pYekat-76-lp70,https://rest.uniprot.org/uniprotkb/stream?format=fasta&query=%28proteome%3AUP000291995%20AND%20proteomecomponent%3A%22Plasmid%20pYekat-76-lp70%22%29,Success,UP000291995_Plasmid_pYekat_76_lp70.fasta
UP000291995,Plasmid pYekat-76-lp23,https://rest.uniprot.org/uniprotkb/stream?format=fasta&query=%28proteome%3AUP000291995%20AND%20proteomecomponent%3A%22Plasmid%20pYekat-76-lp23%22%29,Success,UP000291995_Plasmid_pYekat_76_lp23.fasta
UP000291995,Plasmid pYekat-76-lp41,https://rest.uniprot.org/uniprotkb/stream?format=fasta&query=%28proteome%3AUP000291995%20AND%20proteomecomponent%3A%22Plasmid%20pYekat-76-lp41%22%29,Success,UP000291995_Plasmid_pYekat_76_lp41.fasta
UP000291995,Plasmid pYekat-76-lp29-2-1,https://rest.uniprot.org/uniprotkb/stream?format=fasta&query=%28proteome%3AUP000291995%20AND%20proteomecomponent%3A%22Plasmid%20pYekat-76-lp29-2-1%22%29,Success,UP000291995_Plasmid_pYekat_76_lp29_2_1.fasta
UP000326393,Plasmid lp28-2,https://rest.uniprot.org/uniprotkb/stream?format=fasta&query=%28proteome%3AUP000326393%20AND%20proteomecomponent%3A%22Plasmid%20lp28-2%22%29,Success,UP000326393_Plasmid_lp28_2.fasta
UP000326393,Plasmid cp26,https://rest.uniprot.org/uniprotkb/stream?format=fasta&query=%28proteome%3AUP000326393%20AND%20proteomecomponent%3A%22Plasmid%20cp26%22%29,Success,UP000326393_Plasmid_cp26.fasta
UP000326393,Plasmid lp28-4,https://rest.uniprot.org/uniprotkb/stream?format=fasta&query=%28proteome%3AUP000326393%20AND%20proteomecomponent%3A%22Plasmid%20lp28-4%22%29,Success,UP000326393_Plasmid_lp28_4.fasta
UP000326393,Plasmid lp36,https://rest.uniprot.org/uniprotkb/stream?format=fasta&query=%28proteome%3AUP000326393%20AND%20proteomecomponent%3A%22Plasmid%20lp36%22%29,Success,UP000326393_Plasmid_lp36.fasta
UP000326393,Chromosome,https://rest.uniprot.org/uniprotkb/stream?format=fasta&query=%28proteome%3AUP000326393%20AND%20proteomecomponent%3A%22Chromosome%22%29,Success,UP000326393_Chromosome.fasta
UP000326393,Plasmid lp54,https://rest.uniprot.org/uniprotkb/stream?format=fasta&query=%28proteome%3AUP000326393%20AND%20proteomecomponent%3A%22Plasmid%20lp54%22%29,Success,UP000326393_Plasmid_lp54.fasta
UP000326393,Plasmid lp17,https://rest.uniprot.org/uniprotkb/stream?format=fasta&query=%28proteome%3AUP000326393%20AND%20proteomecomponent%3A%22Plasmid%20lp17%22%29,Success,UP000326393_Plasmid_lp17.fasta
UP000326393,Plasmid cp32-2,https://rest.uniprot.org/uniprotkb/stream?format=fasta&query=%28proteome%3AUP000326393%20AND%20proteomecomponent%3A%22Plasmid%20cp32-2%22%29,Success,UP000326393_Plasmid_cp32_2.fasta
UP001164513,Plasmid pZSt-lp23,https://rest.uniprot.org/uniprotkb/stream?format=fasta&query=%28proteome%3AUP001164513%20AND%20proteomecomponent%3A%22Plasmid%20pZSt-lp23%22%29,Success,UP001164513_Plasmid_pZSt_lp23.fasta
UP001164513,Plasmid pZSt-cp30-7,https://rest.uniprot.org/uniprotkb/stream?format=fasta&query=%28proteome%3AUP001164513%20AND%20proteomecomponent%3A%22Plasmid%20pZSt-cp30-7%22%29,Success,UP001164513_Plasmid_pZSt_cp30_7.fasta
UP001164513,Plasmid pZSt-lp12,https://rest.uniprot.org/uniprotkb/stream?format=fasta&query=%28proteome%3AUP001164513%20AND%20proteomecomponent%3A%22Plasmid%20pZSt-lp12%22%29,Success,UP001164513_Plasmid_pZSt_lp12.fasta
UP001164513,Plasmid pZSt-lp24-2,https://rest.uniprot.org/uniprotkb/stream?format=fasta&query=%28proteome%3AUP001164513%20AND%20proteomecomponent%3A%22Plasmid%20pZSt-lp24-2%22%29,Success,UP001164513_Plasmid_pZSt_lp24_2.fasta
UP001164513,Plasmid pZSt-cp30-8,https://rest.uniprot.org/uniprotkb/stream?format=fasta&query=%28proteome%3AUP001164513%20AND%20proteomecomponent%3A%22Plasmid%20pZSt-cp30-8%22%29,Success,UP001164513_Plasmid_pZSt_cp30_8.fasta
UP001164513,Plasmid pZSt-cp29-1,https://rest.uniprot.org/uniprotkb/stream?format=fasta&query=%28proteome%3AUP001164513%20AND%20proteomecomponent%3A%22Plasmid%20pZSt-cp29-1%22%29,Success,UP001164513_Plasmid_pZSt_cp29_1.fasta
UP001164513,Plasmid pZSt-lp29-2-2,https://rest.uniprot.org/uniprotkb/stream?format=fasta&query=%28proteome%3AUP001164513%20AND%20proteomecomponent%3A%22Plasmid%20pZSt-lp29-2-2%22%29,Success,UP001164513_Plasmid_pZSt_lp29_2_2.fasta
UP001164513,Plasmid pZSt-lp66,https://rest.uniprot.org/uniprotkb/stream?format=fasta&query=%28proteome%3AUP001164513%20AND%20proteomecomponent%3A%22Plasmid%20pZSt-lp66%22%29,Success,UP001164513_Plasmid_pZSt_lp66.fasta
UP001164513,Plasmid pZSt-cp30-5xcp24-1,https://rest.uniprot.org/uniprotkb/stream?format=fasta&query=%28proteome%3AUP001164513%20AND%20proteomecomponent%3A%22Plasmid%20pZSt-cp30-5xcp24-1%22%29,Success,UP001164513_Plasmid_pZSt_cp30_5xcp24_1.fasta
UP001164513,Plasmid pZSt-lp26,https://rest.uniprot.org/uniprotkb/stream?format=fasta&query=%28proteome%3AUP001164513%20AND%20proteomecomponent%3A%22Plasmid%20pZSt-lp26%22%29,Success,UP001164513_Plasmid_pZSt_lp26.fasta
UP001164513,Plasmid pZSt-cp30-1,https://rest.uniprot.org/uniprotkb/stream?format=fasta&query=%28proteome%3AUP001164513%20AND%20proteomecomponent%3A%22Plasmid%20pZSt-cp30-1%22%29,Success,UP001164513_Plasmid_pZSt_cp30_1.fasta
UP001164513,Plasmid pZSt-lp72,https://rest.uniprot.org/uniprotkb/stream?format=fasta&query=%28proteome%3AUP001164513%20AND%20proteomecomponent%3A%22Plasmid%20pZSt-lp72%22%29,Success,UP001164513_Plasmid_pZSt_lp72.fasta
UP001164513,Chromosome,https://rest.uniprot.org/uniprotkb/stream?format=fasta&query=%28proteome%3AUP001164513%20AND%20proteomecomponent%3A%22Chromosome%22%29,Success,UP001164513_Chromosome.fasta
UP001164513,Plasmid pZSt-cp15,https://rest.uniprot.org/uniprotkb/stream?format=fasta&query=%28proteome%3AUP001164513%20AND%20proteomecomponent%3A%22Plasmid%20pZSt-cp15%22%29,Success,UP001164513_Plasmid_pZSt_cp15.fasta
UP001164513,Plasmid pZSt-lp41,https://rest.uniprot.org/uniprotkb/stream?format=fasta&query=%28proteome%3AUP001164513%20AND%20proteomecomponent%3A%22Plasmid%20pZSt-lp41%22%29,Success,UP001164513_Plasmid_pZSt_lp41.fasta
UP001164513,Plasmid pZSt-cp30-9,https://rest.uniprot.org/uniprotkb/stream?format=fasta&query=%28proteome%3AUP001164513%20AND%20proteomecomponent%3A%22Plasmid%20pZSt-cp30-9%22%29,Success,UP001164513_Plasmid_pZSt_cp30_9.fasta
UP001164513,Plasmid pZSt-lp92,https://rest.uniprot.org/uniprotkb/stream?format=fasta&query=%28proteome%3AUP001164513%20AND%20proteomecomponent%3A%22Plasmid%20pZSt-lp92%22%29,Success,UP001164513_Plasmid_pZSt_lp92.fasta
UP001164513,Plasmid pZSt-lp29-2-1,https://rest.uniprot.org/uniprotkb/stream?format=fasta&query=%28proteome%3AUP001164513%20AND%20proteomecomponent%3A%22Plasmid%20pZSt-lp29-2-1%22%29,Success,UP001164513_Plasmid_pZSt_lp29_2_1.fasta
UP001164544,Plasmid p410-cp29-2,https://rest.uniprot.org/uniprotkb/stream?format=fasta&query=%28proteome%3AUP001164544%20AND%20proteomecomponent%3A%22Plasmid%20p410-cp29-2%22%29,Success,UP001164544_Plasmid_p410_cp29_2.fasta
UP001164544,Plasmid p410-cp24-2,https://rest.uniprot.org/uniprotkb/stream?format=fasta&query=%28proteome%3AUP001164544%20AND%20proteomecomponent%3A%22Plasmid%20p410-cp24-2%22%29,Success,UP001164544_Plasmid_p410_cp24_2.fasta
UP001164544,Plasmid p410-lp23,https://rest.uniprot.org/uniprotkb/stream?format=fasta&query=%28proteome%3AUP001164544%20AND%20proteomecomponent%3A%22Plasmid%20p410-lp23%22%29,Success,UP001164544_Plasmid_p410_lp23.fasta
UP001164544,Chromosome,https://rest.uniprot.org/uniprotkb/stream?format=fasta&query=%28proteome%3AUP001164544%20AND%20proteomecomponent%3A%22Chromosome%22%29,Success,UP001164544_Chromosome.fasta
UP001164544,Plasmid p410-lp41,https://rest.uniprot.org/uniprotkb/stream?format=fasta&query=%28proteome%3AUP001164544%20AND%20proteomecomponent%3A%22Plasmid%20p410-lp41%22%29,Success,UP001164544_Plasmid_p410_lp41.fasta
UP001164544,Plasmid p410-cp30-10,https://rest.uniprot.org/uniprotkb/stream?format=fasta&query=%28proteome%3AUP001164544%20AND%20proteomecomponent%3A%22Plasmid%20p410-cp30-10%22%29,Success,UP001164544_Plasmid_p410_cp30_10.fasta
UP001164544,Plasmid p410-lp20-1,https://rest.uniprot.org/uniprotkb/stream?format=fasta&query=%28proteome%3AUP001164544%20AND%20proteomecomponent%3A%22Plasmid%20p410-lp20-1%22%29,Success,UP001164544_Plasmid_p410_lp20_1.fasta
UP001164544,Plasmid p410-lp72,https://rest.uniprot.org/uniprotkb/stream?format=fasta&query=%28proteome%3AUP001164544%20AND%20proteomecomponent%3A%22Plasmid%20p410-lp72%22%29,Success,UP001164544_Plasmid_p410_lp72.fasta
UP001164544,Plasmid p410-cp30-2,https://rest.uniprot.org/uniprotkb/stream?format=fasta&query=%28proteome%3AUP001164544%20AND%20proteomecomponent%3A%22Plasmid%20p410-cp30-2%22%29,Success,UP001164544_Plasmid_p410_cp30_2.fasta
UP001164544,Plasmid p410-lp31,https://rest.uniprot.org/uniprotkb/stream?format=fasta&query=%28proteome%3AUP001164544%20AND%20proteomecomponent%3A%22Plasmid%20p410-lp31%22%29,Success,UP001164544_Plasmid_p410_lp31.fasta
UP001164544,Plasmid p410-lp26,https://rest.uniprot.org/uniprotkb/stream?format=fasta&query=%28proteome%3AUP001164544%20AND%20proteomecomponent%3A%22Plasmid%20p410-lp26%22%29,Success,UP001164544_Plasmid_p410_lp26.fasta
UP001164544,Plasmid p410-lp12,https://rest.uniprot.org/uniprotkb/stream?format=fasta&query=%28proteome%3AUP001164544%20AND%20proteomecomponent%3A%22Plasmid%20p410-lp12%22%29,Success,UP001164544_Plasmid_p410_lp12.fasta
UP001164544,Plasmid p410-lp97,https://rest.uniprot.org/uniprotkb/stream?format=fasta&query=%28proteome%3AUP001164544%20AND%20proteomecomponent%3A%22Plasmid%20p410-lp97%22%29,Success,UP001164544_Plasmid_p410_lp97.fasta
UP000019262,Plasmid unnamed,https://rest.uniprot.org/uniprotkb/stream?format=fasta&query=%28proteome%3AUP000019262%20AND%20proteomecomponent%3A%22Plasmid%20unnamed%22%29,Success,UP000019262_Plasmid_unnamed.fasta
UP000019262,Chromosome,https://rest.uniprot.org/uniprotkb/stream?format=fasta&query=%28proteome%3AUP000019262%20AND%20proteomecomponent%3A%22Chromosome%22%29,Success,UP000019262_Chromosome.fasta
UP000019337,Plasmid unnamed,https://rest.uniprot.org/uniprotkb/stream?format=fasta&query=%28proteome%3AUP000019337%20AND%20proteomecomponent%3A%22Plasmid%20unnamed%22%29,Success,UP000019337_Plasmid_unnamed.fasta
UP000019337,Chromosome,https://rest.uniprot.org/uniprotkb/stream?format=fasta&query=%28proteome%3AUP000019337%20AND%20proteomecomponent%3A%22Chromosome%22%29,Success,UP000019337_Chromosome.fasta
UP000275571,Plasmid lp129,https://rest.uniprot.org/uniprotkb/stream?format=fasta&query=%28proteome%3AUP000275571%20AND%20proteomecomponent%3A%22Plasmid%20lp129%22%29,Success,UP000275571_Plasmid_lp129.fasta
UP000275571,Plasmid lp34,https://rest.uniprot.org/uniprotkb/stream?format=fasta&query=%28proteome%3AUP000275571%20AND%20proteomecomponent%3A%22Plasmid%20lp34%22%29,Success,UP000275571_Plasmid_lp34.fasta
UP000275571,Plasmid lp27,https://rest.uniprot.org/uniprotkb/stream?format=fasta&query=%28proteome%3AUP000275571%20AND%20proteomecomponent%3A%22Plasmid%20lp27%22%29,Success,UP000275571_Plasmid_lp27.fasta
UP000275571,Plasmid lp32-b,https://rest.uniprot.org/uniprotkb/stream?format=fasta&query=%28proteome%3AUP000275571%20AND%20proteomecomponent%3A%22Plasmid%20lp32-b%22%29,Success,UP000275571_Plasmid_lp32_b.fasta
UP000275571,Plasmid lp32-a,https://rest.uniprot.org/uniprotkb/stream?format=fasta&query=%28proteome%3AUP000275571%20AND%20proteomecomponent%3A%22Plasmid%20lp32-a%22%29,Success,UP000275571_Plasmid_lp32_a.fasta
UP000275571,Plasmid cp33,https://rest.uniprot.org/uniprotkb/stream?format=fasta&query=%28proteome%3AUP000275571%20AND%20proteomecomponent%3A%22Plasmid%20cp33%22%29,Success,UP000275571_Plasmid_cp33.fasta
UP000275571,Plasmid lp35,https://rest.uniprot.org/uniprotkb/stream?format=fasta&query=%28proteome%3AUP000275571%20AND%20proteomecomponent%3A%22Plasmid%20lp35%22%29,Success,UP000275571_Plasmid_lp35.fasta
UP000275571,Chromosome,https://rest.uniprot.org/uniprotkb/stream?format=fasta&query=%28proteome%3AUP000275571%20AND%20proteomecomponent%3A%22Chromosome%22%29,Success,UP000275571_Chromosome.fasta
UP001317516,Chromosome,https://rest.uniprot.org/uniprotkb/stream?format=fasta&query=%28proteome%3AUP001317516%20AND%20proteomecomponent%3A%22Chromosome%22%29,Failed,NA
UP001317516,Plasmid p10,https://rest.uniprot.org/uniprotkb/stream?format=fasta&query=%28proteome%3AUP001317516%20AND%20proteomecomponent%3A%22Plasmid%20p10%22%29,Failed,NA
UP001317516,Plasmid p100,https://rest.uniprot.org/uniprotkb/stream?format=fasta&query=%28proteome%3AUP001317516%20AND%20proteomecomponent%3A%22Plasmid%20p100%22%29,Failed,NA
UP001317516,Plasmid p32,https://rest.uniprot.org/uniprotkb/stream?format=fasta&query=%28proteome%3AUP001317516%20AND%20proteomecomponent%3A%22Plasmid%20p32%22%29,Failed,NA
UP001317516,Plasmid p42,https://rest.uniprot.org/uniprotkb/stream?format=fasta&query=%28proteome%3AUP001317516%20AND%20proteomecomponent%3A%22Plasmid%20p42%22%29,Failed,NA
UP001317516,Plasmid p59,https://rest.uniprot.org/uniprotkb/stream?format=fasta&query=%28proteome%3AUP001317516%20AND%20proteomecomponent%3A%22Plasmid%20p59%22%29,Failed,NA
UP000000611,Chromosome,https://rest.uniprot.org/uniprotkb/stream?format=fasta&query=%28proteome%3AUP000000611%20AND%20proteomecomponent%3A%22Chromosome%22%29,Success,UP000000611_Chromosome.fasta
UP000000611,Plasmid pl165,https://rest.uniprot.org/uniprotkb/stream?format=fasta&query=%28proteome%3AUP000000611%20AND%20proteomecomponent%3A%22Plasmid%20pl165%22%29,Success,UP000000611_Plasmid_pl165.fasta
UP000000611,Plasmid pl70,https://rest.uniprot.org/uniprotkb/stream?format=fasta&query=%28proteome%3AUP000000611%20AND%20proteomecomponent%3A%22Plasmid%20pl70%22%29,Success,UP000000611_Plasmid_pl70.fasta
UP000000611,Plasmid pl42,https://rest.uniprot.org/uniprotkb/stream?format=fasta&query=%28proteome%3AUP000000611%20AND%20proteomecomponent%3A%22Plasmid%20pl42%22%29,Success,UP000000611_Plasmid_pl42.fasta
UP000000611,Plasmid pl41,https://rest.uniprot.org/uniprotkb/stream?format=fasta&query=%28proteome%3AUP000000611%20AND%20proteomecomponent%3A%22Plasmid%20pl41%22%29,Success,UP000000611_Plasmid_pl41.fasta
UP000000611,Plasmid pl40,https://rest.uniprot.org/uniprotkb/stream?format=fasta&query=%28proteome%3AUP000000611%20AND%20proteomecomponent%3A%22Plasmid%20pl40%22%29,Success,UP000000611_Plasmid_pl40.fasta
UP000000611,Plasmid pl36,https://rest.uniprot.org/uniprotkb/stream?format=fasta&query=%28proteome%3AUP000000611%20AND%20proteomecomponent%3A%22Plasmid%20pl36%22%29,Success,UP000000611_Plasmid_pl36.fasta
UP000000611,Plasmid pl35,https://rest.uniprot.org/uniprotkb/stream?format=fasta&query=%28proteome%3AUP000000611%20AND%20proteomecomponent%3A%22Plasmid%20pl35%22%29,Success,UP000000611_Plasmid_pl35.fasta
UP000000611,Plasmid pl32,https://rest.uniprot.org/uniprotkb/stream?format=fasta&query=%28proteome%3AUP000000611%20AND%20proteomecomponent%3A%22Plasmid%20pl32%22%29,Success,UP000000611_Plasmid_pl32.fasta
UP000000611,Plasmid pl31,https://rest.uniprot.org/uniprotkb/stream?format=fasta&query=%28proteome%3AUP000000611%20AND%20proteomecomponent%3A%22Plasmid%20pl31%22%29,Success,UP000000611_Plasmid_pl31.fasta
UP000000611,Plasmid pl28,https://rest.uniprot.org/uniprotkb/stream?format=fasta&query=%28proteome%3AUP000000611%20AND%20proteomecomponent%3A%22Plasmid%20pl28%22%29,Success,UP000000611_Plasmid_pl28.fasta
UP000000611,Plasmid pl27,https://rest.uniprot.org/uniprotkb/stream?format=fasta&query=%28proteome%3AUP000000611%20AND%20proteomecomponent%3A%22Plasmid%20pl27%22%29,Success,UP000000611_Plasmid_pl27.fasta
UP000000611,Plasmid pl26,https://rest.uniprot.org/uniprotkb/stream?format=fasta&query=%28proteome%3AUP000000611%20AND%20proteomecomponent%3A%22Plasmid%20pl26%22%29,Success,UP000000611_Plasmid_pl26.fasta
UP000000611,Plasmid pl23,https://rest.uniprot.org/uniprotkb/stream?format=fasta&query=%28proteome%3AUP000000611%20AND%20proteomecomponent%3A%22Plasmid%20pl23%22%29,Success,UP000000611_Plasmid_pl23.fasta
UP000000611,Plasmid pl23b,https://rest.uniprot.org/uniprotkb/stream?format=fasta&query=%28proteome%3AUP000000611%20AND%20proteomecomponent%3A%22Plasmid%20pl23b%22%29,Success,UP000000611_Plasmid_pl23b.fasta
UP000000611,Plasmid pl15,https://rest.uniprot.org/uniprotkb/stream?format=fasta&query=%28proteome%3AUP000000611%20AND%20proteomecomponent%3A%22Plasmid%20pl15%22%29,Success,UP000000611_Plasmid_pl15.fasta
UP000000611,Plasmid pl11,https://rest.uniprot.org/uniprotkb/stream?format=fasta&query=%28proteome%3AUP000000611%20AND%20proteomecomponent%3A%22Plasmid%20pl11%22%29,Success,UP000000611_Plasmid_pl11.fasta
UP000000612,Chromosome,https://rest.uniprot.org/uniprotkb/stream?format=fasta&query=%28proteome%3AUP000000612%20AND%20proteomecomponent%3A%22Chromosome%22%29,Success,UP000000612_Chromosome.fasta
UP000000612,Plasmid pl124,https://rest.uniprot.org/uniprotkb/stream?format=fasta&query=%28proteome%3AUP000000612%20AND%20proteomecomponent%3A%22Plasmid%20pl124%22%29,Success,UP000000612_Plasmid_pl124.fasta
UP000000612,Plasmid pl23,https://rest.uniprot.org/uniprotkb/stream?format=fasta&query=%28proteome%3AUP000000612%20AND%20proteomecomponent%3A%22Plasmid%20pl23%22%29,Success,UP000000612_Plasmid_pl23.fasta
UP000000612,Plasmid pl33,https://rest.uniprot.org/uniprotkb/stream?format=fasta&query=%28proteome%3AUP000000612%20AND%20proteomecomponent%3A%22Plasmid%20pl33%22%29,Success,UP000000612_Plasmid_pl33.fasta
UP000000612,Plasmid pl35,https://rest.uniprot.org/uniprotkb/stream?format=fasta&query=%28proteome%3AUP000000612%20AND%20proteomecomponent%3A%22Plasmid%20pl35%22%29,Success,UP000000612_Plasmid_pl35.fasta
UP000000612,Plasmid pl37,https://rest.uniprot.org/uniprotkb/stream?format=fasta&query=%28proteome%3AUP000000612%20AND%20proteomecomponent%3A%22Plasmid%20pl37%22%29,Success,UP000000612_Plasmid_pl37.fasta
UP000000612,Plasmid pl53,https://rest.uniprot.org/uniprotkb/stream?format=fasta&query=%28proteome%3AUP000000612%20AND%20proteomecomponent%3A%22Plasmid%20pl53%22%29,Success,UP000000612_Plasmid_pl53.fasta
UP000000612,Plasmid pl6,https://rest.uniprot.org/uniprotkb/stream?format=fasta&query=%28proteome%3AUP000000612%20AND%20proteomecomponent%3A%22Plasmid%20pl6%22%29,Success,UP000000612_Plasmid_pl6.fasta
UP000005212,Chromosome,https://rest.uniprot.org/uniprotkb/stream?format=fasta&query=%28proteome%3AUP000005212%20AND%20proteomecomponent%3A%22Chromosome%22%29,Success,UP000005212_Chromosome.fasta
UP000005212,Plasmid unnamed1,https://rest.uniprot.org/uniprotkb/stream?format=fasta&query=%28proteome%3AUP000005212%20AND%20proteomecomponent%3A%22Plasmid%20unnamed1%22%29,Success,UP000005212_Plasmid_unnamed1.fasta
UP000005212,Plasmid unnamed2,https://rest.uniprot.org/uniprotkb/stream?format=fasta&query=%28proteome%3AUP000005212%20AND%20proteomecomponent%3A%22Plasmid%20unnamed2%22%29,Success,UP000005212_Plasmid_unnamed2.fasta
UP000005212,Plasmid unnamed3,https://rest.uniprot.org/uniprotkb/stream?format=fasta&query=%28proteome%3AUP000005212%20AND%20proteomecomponent%3A%22Plasmid%20unnamed3%22%29,Success,UP000005212_Plasmid_unnamed3.fasta
UP000005212,Plasmid unnamed4,https://rest.uniprot.org/uniprotkb/stream?format=fasta&query=%28proteome%3AUP000005212%20AND%20proteomecomponent%3A%22Plasmid%20unnamed4%22%29,Success,UP000005212_Plasmid_unnamed4.fasta
UP000005212,Plasmid unnamed5,https://rest.uniprot.org/uniprotkb/stream?format=fasta&query=%28proteome%3AUP000005212%20AND%20proteomecomponent%3A%22Plasmid%20unnamed5%22%29,Success,UP000005212_Plasmid_unnamed5.fasta
UP000005212,Plasmid unnamed6,https://rest.uniprot.org/uniprotkb/stream?format=fasta&query=%28proteome%3AUP000005212%20AND%20proteomecomponent%3A%22Plasmid%20unnamed6%22%29,Success,UP000005212_Plasmid_unnamed6.fasta
UP000005212,Plasmid unnamed7,https://rest.uniprot.org/uniprotkb/stream?format=fasta&query=%28proteome%3AUP000005212%20AND%20proteomecomponent%3A%22Plasmid%20unnamed7%22%29,Success,UP000005212_Plasmid_unnamed7.fasta
UP000005212,Plasmid unnamed8,https://rest.uniprot.org/uniprotkb/stream?format=fasta&query=%28proteome%3AUP000005212%20AND%20proteomecomponent%3A%22Plasmid%20unnamed8%22%29,Success,UP000005212_Plasmid_unnamed8.fasta
UP000005212,Plasmid unnamed9,https://rest.uniprot.org/uniprotkb/stream?format=fasta&query=%28proteome%3AUP000005212%20AND%20proteomecomponent%3A%22Plasmid%20unnamed9%22%29,Success,UP000005212_Plasmid_unnamed9.fasta
UP000005212,Plasmid unnamed10,https://rest.uniprot.org/uniprotkb/stream?format=fasta&query=%28proteome%3AUP000005212%20AND%20proteomecomponent%3A%22Plasmid%20unnamed10%22%29,Success,UP000005212_Plasmid_unnamed10.fasta
UP000005212,Plasmid unnamed11,https://rest.uniprot.org/uniprotkb/stream?format=fasta&query=%28proteome%3AUP000005212%20AND%20proteomecomponent%3A%22Plasmid%20unnamed11%22%29,Success,UP000005212_Plasmid_unnamed11.fasta
UP000005212,Plasmid unnamed12,https://rest.uniprot.org/uniprotkb/stream?format=fasta&query=%28proteome%3AUP000005212%20AND%20proteomecomponent%3A%22Plasmid%20unnamed12%22%29,Success,UP000005212_Plasmid_unnamed12.fasta
UP000005212,Plasmid unnamed13,https://rest.uniprot.org/uniprotkb/stream?format=fasta&query=%28proteome%3AUP000005212%20AND%20proteomecomponent%3A%22Plasmid%20unnamed13%22%29,Success,UP000005212_Plasmid_unnamed13.fasta
UP000005212,Plasmid unnamed14,https://rest.uniprot.org/uniprotkb/stream?format=fasta&query=%28proteome%3AUP000005212%20AND%20proteomecomponent%3A%22Plasmid%20unnamed14%22%29,Success,UP000005212_Plasmid_unnamed14.fasta
UP000005212,Plasmid unnamed15,https://rest.uniprot.org/uniprotkb/stream?format=fasta&query=%28proteome%3AUP000005212%20AND%20proteomecomponent%3A%22Plasmid%20unnamed15%22%29,Success,UP000005212_Plasmid_unnamed15.fasta
UP000005212,Plasmid unnamed16,https://rest.uniprot.org/uniprotkb/stream?format=fasta&query=%28proteome%3AUP000005212%20AND%20proteomecomponent%3A%22Plasmid%20unnamed16%22%29,Success,UP000005212_Plasmid_unnamed16.fasta
UP000005212,Plasmid unnamed17,https://rest.uniprot.org/uniprotkb/stream?format=fasta&query=%28proteome%3AUP000005212%20AND%20proteomecomponent%3A%22Plasmid%20unnamed17%22%29,Success,UP000005212_Plasmid_unnamed17.fasta
UP000005212,Plasmid unnamed18,https://rest.uniprot.org/uniprotkb/stream?format=fasta&query=%28proteome%3AUP000005212%20AND%20proteomecomponent%3A%22Plasmid%20unnamed18%22%29,Success,UP000005212_Plasmid_unnamed18.fasta
UP000005212,Plasmid unnamed19,https://rest.uniprot.org/uniprotkb/stream?format=fasta&query=%28proteome%3AUP000005212%20AND%20proteomecomponent%3A%22Plasmid%20unnamed19%22%29,Success,UP000005212_Plasmid_unnamed19.fasta
UP000005212,Plasmid unnamed20,https://rest.uniprot.org/uniprotkb/stream?format=fasta&query=%28proteome%3AUP000005212%20AND%20proteomecomponent%3A%22Plasmid%20unnamed20%22%29,Success,UP000005212_Plasmid_unnamed20.fasta
UP000005212,Plasmid unnamed21,https://rest.uniprot.org/uniprotkb/stream?format=fasta&query=%28proteome%3AUP000005212%20AND%20proteomecomponent%3A%22Plasmid%20unnamed21%22%29,Success,UP000005212_Plasmid_unnamed21.fasta
UP000005212,Plasmid unnamed22,https://rest.uniprot.org/uniprotkb/stream?format=fasta&query=%28proteome%3AUP000005212%20AND%20proteomecomponent%3A%22Plasmid%20unnamed22%22%29,Success,UP000005212_Plasmid_unnamed22.fasta
UP000005212,Plasmid unnamed23,https://rest.uniprot.org/uniprotkb/stream?format=fasta&query=%28proteome%3AUP000005212%20AND%20proteomecomponent%3A%22Plasmid%20unnamed23%22%29,Success,UP000005212_Plasmid_unnamed23.fasta
UP000005212,Plasmid unnamed24,https://rest.uniprot.org/uniprotkb/stream?format=fasta&query=%28proteome%3AUP000005212%20AND%20proteomecomponent%3A%22Plasmid%20unnamed24%22%29,Success,UP000005212_Plasmid_unnamed24.fasta
UP000005212,Plasmid unnamed25,https://rest.uniprot.org/uniprotkb/stream?format=fasta&query=%28proteome%3AUP000005212%20AND%20proteomecomponent%3A%22Plasmid%20unnamed25%22%29,Success,UP000005212_Plasmid_unnamed25.fasta
UP000005212,Plasmid unnamed26,https://rest.uniprot.org/uniprotkb/stream?format=fasta&query=%28proteome%3AUP000005212%20AND%20proteomecomponent%3A%22Plasmid%20unnamed26%22%29,Success,UP000005212_Plasmid_unnamed26.fasta
UP000005212,Plasmid unnamed27,https://rest.uniprot.org/uniprotkb/stream?format=fasta&query=%28proteome%3AUP000005212%20AND%20proteomecomponent%3A%22Plasmid%20unnamed27%22%29,Success,UP000005212_Plasmid_unnamed27.fasta
UP000005212,Plasmid unnamed28,https://rest.uniprot.org/uniprotkb/stream?format=fasta&query=%28proteome%3AUP000005212%20AND%20proteomecomponent%3A%22Plasmid%20unnamed28%22%29,Success,UP000005212_Plasmid_unnamed28.fasta
UP000005212,Plasmid unnamed29,https://rest.uniprot.org/uniprotkb/stream?format=fasta&query=%28proteome%3AUP000005212%20AND%20proteomecomponent%3A%22Plasmid%20unnamed29%22%29,Success,UP000005212_Plasmid_unnamed29.fasta
UP000005212,Plasmid unnamed30,https://rest.uniprot.org/uniprotkb/stream?format=fasta&query=%28proteome%3AUP000005212%20AND%20proteomecomponent%3A%22Plasmid%20unnamed30%22%29,Success,UP000005212_Plasmid_unnamed30.fasta
UP000005212,Plasmid unnamed31,https://rest.uniprot.org/uniprotkb/stream?format=fasta&query=%28proteome%3AUP000005212%20AND%20proteomecomponent%3A%22Plasmid%20unnamed31%22%29,Success,UP000005212_Plasmid_unnamed31.fasta
UP000005212,Plasmid unnamed32,https://rest.uniprot.org/uniprotkb/stream?format=fasta&query=%28proteome%3AUP000005212%20AND%20proteomecomponent%3A%22Plasmid%20unnamed32%22%29,Success,UP000005212_Plasmid_unnamed32.fasta
UP000005212,Plasmid unnamed33,https://rest.uniprot.org/uniprotkb/stream?format=fasta&query=%28proteome%3AUP000005212%20AND%20proteomecomponent%3A%22Plasmid%20unnamed33%22%29,Success,UP000005212_Plasmid_unnamed33.fasta
UP000005212,Plasmid unnamed34,https://rest.uniprot.org/uniprotkb/stream?format=fasta&query=%28proteome%3AUP000005212%20AND%20proteomecomponent%3A%22Plasmid%20unnamed34%22%29,Success,UP000005212_Plasmid_unnamed34.fasta
UP000005212,Plasmid unnamed35,https://rest.uniprot.org/uniprotkb/stream?format=fasta&query=%28proteome%3AUP000005212%20AND%20proteomecomponent%3A%22Plasmid%20unnamed35%22%29,Success,UP000005212_Plasmid_unnamed35.fasta
UP000005212,Plasmid unnamed36,https://rest.uniprot.org/uniprotkb/stream?format=fasta&query=%28proteome%3AUP000005212%20AND%20proteomecomponent%3A%22Plasmid%20unnamed36%22%29,Success,UP000005212_Plasmid_unnamed36.fasta
UP000005212,Plasmid unnamed37,https://rest.uniprot.org/uniprotkb/stream?format=fasta&query=%28proteome%3AUP000005212%20AND%20proteomecomponent%3A%22Plasmid%20unnamed37%22%29,Success,UP000005212_Plasmid_unnamed37.fasta
UP000005212,Plasmid unnamed38,https://rest.uniprot.org/uniprotkb/stream?format=fasta&query=%28proteome%3AUP000005212%20AND%20proteomecomponent%3A%22Plasmid%20unnamed38%22%29,Success,UP000005212_Plasmid_unnamed38.fasta
UP000005212,Plasmid unnamed39,https://rest.uniprot.org/uniprotkb/stream?format=fasta&query=%28proteome%3AUP000005212%20AND%20proteomecomponent%3A%22Plasmid%20unnamed39%22%29,Success,UP000005212_Plasmid_unnamed39.fasta
UP000019330,Plasmid unnamed,https://rest.uniprot.org/uniprotkb/stream?format=fasta&query=%28proteome%3AUP000019330%20AND%20proteomecomponent%3A%22Plasmid%20unnamed%22%29,Success,UP000019330_Plasmid_unnamed.fasta
UP000019330,Chromosome,https://rest.uniprot.org/uniprotkb/stream?format=fasta&query=%28proteome%3AUP000019330%20AND%20proteomecomponent%3A%22Chromosome%22%29,Success,UP000019330_Chromosome.fasta
UP000515603,Plasmid p16AFGy1,https://rest.uniprot.org/uniprotkb/stream?format=fasta&query=%28proteome%3AUP000515603%20AND%20proteomecomponent%3A%22Plasmid%20p16AFGy1%22%29,Success,UP000515603_Plasmid_p16AFGy1.fasta
UP000515603,Plasmid p12AFGy1,https://rest.uniprot.org/uniprotkb/stream?format=fasta&query=%28proteome%3AUP000515603%20AND%20proteomecomponent%3A%22Plasmid%20p12AFGy1%22%29,Success,UP000515603_Plasmid_p12AFGy1.fasta
UP000515603,Plasmid p21AFGy1,https://rest.uniprot.org/uniprotkb/stream?format=fasta&query=%28proteome%3AUP000515603%20AND%20proteomecomponent%3A%22Plasmid%20p21AFGy1%22%29,Success,UP000515603_Plasmid_p21AFGy1.fasta
UP000515603,Plasmid p19AFGy1,https://rest.uniprot.org/uniprotkb/stream?format=fasta&query=%28proteome%3AUP000515603%20AND%20proteomecomponent%3A%22Plasmid%20p19AFGy1%22%29,Success,UP000515603_Plasmid_p19AFGy1.fasta
UP000515603,Plasmid p38AFGy1,https://rest.uniprot.org/uniprotkb/stream?format=fasta&query=%28proteome%3AUP000515603%20AND%20proteomecomponent%3A%22Plasmid%20p38AFGy1%22%29,Success,UP000515603_Plasmid_p38AFGy1.fasta
UP000515603,Plasmid p20AFGy1,https://rest.uniprot.org/uniprotkb/stream?format=fasta&query=%28proteome%3AUP000515603%20AND%20proteomecomponent%3A%22Plasmid%20p20AFGy1%22%29,Success,UP000515603_Plasmid_p20AFGy1.fasta
UP000515603,Plasmid p22AFGy1,https://rest.uniprot.org/uniprotkb/stream?format=fasta&query=%28proteome%3AUP000515603%20AND%20proteomecomponent%3A%22Plasmid%20p22AFGy1%22%29,Success,UP000515603_Plasmid_p22AFGy1.fasta
UP000515603,Plasmid p40AFGy1,https://rest.uniprot.org/uniprotkb/stream?format=fasta&query=%28proteome%3AUP000515603%20AND%20proteomecomponent%3A%22Plasmid%20p40AFGy1%22%29,Success,UP000515603_Plasmid_p40AFGy1.fasta
UP000515603,Plasmid p5AFGy1,https://rest.uniprot.org/uniprotkb/stream?format=fasta&query=%28proteome%3AUP000515603%20AND%20proteomecomponent%3A%22Plasmid%20p5AFGy1%22%29,Success,UP000515603_Plasmid_p5AFGy1.fasta
UP000515603,Plasmid p30AFGy1,https://rest.uniprot.org/uniprotkb/stream?format=fasta&query=%28proteome%3AUP000515603%20AND%20proteomecomponent%3A%22Plasmid%20p30AFGy1%22%29,Success,UP000515603_Plasmid_p30AFGy1.fasta
UP000515603,Plasmid p41AFGy1,https://rest.uniprot.org/uniprotkb/stream?format=fasta&query=%28proteome%3AUP000515603%20AND%20proteomecomponent%3A%22Plasmid%20p41AFGy1%22%29,Success,UP000515603_Plasmid_p41AFGy1.fasta
UP000515603,Plasmid p31AFGy1,https://rest.uniprot.org/uniprotkb/stream?format=fasta&query=%28proteome%3AUP000515603%20AND%20proteomecomponent%3A%22Plasmid%20p31AFGy1%22%29,Success,UP000515603_Plasmid_p31AFGy1.fasta
UP000515603,Plasmid p7AFGy1,https://rest.uniprot.org/uniprotkb/stream?format=fasta&query=%28proteome%3AUP000515603%20AND%20proteomecomponent%3A%22Plasmid%20p7AFGy1%22%29,Success,UP000515603_Plasmid_p7AFGy1.fasta
UP000515603,Plasmid p25AFGy1,https://rest.uniprot.org/uniprotkb/stream?format=fasta&query=%28proteome%3AUP000515603%20AND%20proteomecomponent%3A%22Plasmid%20p25AFGy1%22%29,Success,UP000515603_Plasmid_p25AFGy1.fasta
UP000515603,Plasmid p39AFGy1,https://rest.uniprot.org/uniprotkb/stream?format=fasta&query=%28proteome%3AUP000515603%20AND%20proteomecomponent%3A%22Plasmid%20p39AFGy1%22%29,Failed,NA
UP000515603,Plasmid p11AFGy1,https://rest.uniprot.org/uniprotkb/stream?format=fasta&query=%28proteome%3AUP000515603%20AND%20proteomecomponent%3A%22Plasmid%20p11AFGy1%22%29,Success,UP000515603_Plasmid_p11AFGy1.fasta
UP000515603,Plasmid p28AFGy1,https://rest.uniprot.org/uniprotkb/stream?format=fasta&query=%28proteome%3AUP000515603%20AND%20proteomecomponent%3A%22Plasmid%20p28AFGy1%22%29,Success,UP000515603_Plasmid_p28AFGy1.fasta
UP000515603,Plasmid p36AFGy1,https://rest.uniprot.org/uniprotkb/stream?format=fasta&query=%28proteome%3AUP000515603%20AND%20proteomecomponent%3A%22Plasmid%20p36AFGy1%22%29,Success,UP000515603_Plasmid_p36AFGy1.fasta
UP000515603,Plasmid p6AFGy1,https://rest.uniprot.org/uniprotkb/stream?format=fasta&query=%28proteome%3AUP000515603%20AND%20proteomecomponent%3A%22Plasmid%20p6AFGy1%22%29,Success,UP000515603_Plasmid_p6AFGy1.fasta
UP000515603,Plasmid p2AFGy1,https://rest.uniprot.org/uniprotkb/stream?format=fasta&query=%28proteome%3AUP000515603%20AND%20proteomecomponent%3A%22Plasmid%20p2AFGy1%22%29,Success,UP000515603_Plasmid_p2AFGy1.fasta
UP000515603,Plasmid p34AFGy1,https://rest.uniprot.org/uniprotkb/stream?format=fasta&query=%28proteome%3AUP000515603%20AND%20proteomecomponent%3A%22Plasmid%20p34AFGy1%22%29,Success,UP000515603_Plasmid_p34AFGy1.fasta
UP000515603,Plasmid p4AFGy1,https://rest.uniprot.org/uniprotkb/stream?format=fasta&query=%28proteome%3AUP000515603%20AND%20proteomecomponent%3A%22Plasmid%20p4AFGy1%22%29,Success,UP000515603_Plasmid_p4AFGy1.fasta
UP000515603,Chromosome,https://rest.uniprot.org/uniprotkb/stream?format=fasta&query=%28proteome%3AUP000515603%20AND%20proteomecomponent%3A%22Chromosome%22%29,Success,UP000515603_Chromosome.fasta
UP000515603,Plasmid p29AFGy1,https://rest.uniprot.org/uniprotkb/stream?format=fasta&query=%28proteome%3AUP000515603%20AND%20proteomecomponent%3A%22Plasmid%20p29AFGy1%22%29,Success,UP000515603_Plasmid_p29AFGy1.fasta
UP000515603,Plasmid p37AFGy1,https://rest.uniprot.org/uniprotkb/stream?format=fasta&query=%28proteome%3AUP000515603%20AND%20proteomecomponent%3A%22Plasmid%20p37AFGy1%22%29,Failed,NA
UP000515603,Plasmid p32AFGy1,https://rest.uniprot.org/uniprotkb/stream?format=fasta&query=%28proteome%3AUP000515603%20AND%20proteomecomponent%3A%22Plasmid%20p32AFGy1%22%29,Success,UP000515603_Plasmid_p32AFGy1.fasta
UP000515603,Plasmid p24AFGy1,https://rest.uniprot.org/uniprotkb/stream?format=fasta&query=%28proteome%3AUP000515603%20AND%20proteomecomponent%3A%22Plasmid%20p24AFGy1%22%29,Success,UP000515603_Plasmid_p24AFGy1.fasta
UP000515603,Plasmid p27AFGy1,https://rest.uniprot.org/uniprotkb/stream?format=fasta&query=%28proteome%3AUP000515603%20AND%20proteomecomponent%3A%22Plasmid%20p27AFGy1%22%29,Success,UP000515603_Plasmid_p27AFGy1.fasta
UP000515603,Plasmid p14AFGy1,https://rest.uniprot.org/uniprotkb/stream?format=fasta&query=%28proteome%3AUP000515603%20AND%20proteomecomponent%3A%22Plasmid%20p14AFGy1%22%29,Success,UP000515603_Plasmid_p14AFGy1.fasta
UP000515603,Plasmid p15AFGy1,https://rest.uniprot.org/uniprotkb/stream?format=fasta&query=%28proteome%3AUP000515603%20AND%20proteomecomponent%3A%22Plasmid%20p15AFGy1%22%29,Success,UP000515603_Plasmid_p15AFGy1.fasta
UP000515603,Plasmid p13AFGy1,https://rest.uniprot.org/uniprotkb/stream?format=fasta&query=%28proteome%3AUP000515603%20AND%20proteomecomponent%3A%22Plasmid%20p13AFGy1%22%29,Success,UP000515603_Plasmid_p13AFGy1.fasta
UP000515603,Plasmid p1AFGy1,https://rest.uniprot.org/uniprotkb/stream?format=fasta&query=%28proteome%3AUP000515603%20AND%20proteomecomponent%3A%22Plasmid%20p1AFGy1%22%29,Success,UP000515603_Plasmid_p1AFGy1.fasta
UP000515603,Plasmid p3AFGy1,https://rest.uniprot.org/uniprotkb/stream?format=fasta&query=%28proteome%3AUP000515603%20AND%20proteomecomponent%3A%22Plasmid%20p3AFGy1%22%29,Success,UP000515603_Plasmid_p3AFGy1.fasta
UP000515603,Plasmid p18AFGy1,https://rest.uniprot.org/uniprotkb/stream?format=fasta&query=%28proteome%3AUP000515603%20AND%20proteomecomponent%3A%22Plasmid%20p18AFGy1%22%29,Success,UP000515603_Plasmid_p18AFGy1.fasta
UP000515603,Plasmid p23AFGy1,https://rest.uniprot.org/uniprotkb/stream?format=fasta&query=%28proteome%3AUP000515603%20AND%20proteomecomponent%3A%22Plasmid%20p23AFGy1%22%29,Success,UP000515603_Plasmid_p23AFGy1.fasta
UP000515603,Plasmid p35AFGy1,https://rest.uniprot.org/uniprotkb/stream?format=fasta&query=%28proteome%3AUP000515603%20AND%20proteomecomponent%3A%22Plasmid%20p35AFGy1%22%29,Success,UP000515603_Plasmid_p35AFGy1.fasta
UP000515603,Plasmid p33AFGy1,https://rest.uniprot.org/uniprotkb/stream?format=fasta&query=%28proteome%3AUP000515603%20AND%20proteomecomponent%3A%22Plasmid%20p33AFGy1%22%29,Success,UP000515603_Plasmid_p33AFGy1.fasta
UP000515603,Plasmid p17AFGy1,https://rest.uniprot.org/uniprotkb/stream?format=fasta&query=%28proteome%3AUP000515603%20AND%20proteomecomponent%3A%22Plasmid%20p17AFGy1%22%29,Success,UP000515603_Plasmid_p17AFGy1.fasta
UP000515603,Plasmid p10AFGy1,https://rest.uniprot.org/uniprotkb/stream?format=fasta&query=%28proteome%3AUP000515603%20AND%20proteomecomponent%3A%22Plasmid%20p10AFGy1%22%29,Success,UP000515603_Plasmid_p10AFGy1.fasta
UP000515603,Plasmid p26AFGy1,https://rest.uniprot.org/uniprotkb/stream?format=fasta&query=%28proteome%3AUP000515603%20AND%20proteomecomponent%3A%22Plasmid%20p26AFGy1%22%29,Success,UP000515603_Plasmid_p26AFGy1.fasta
UP000515603,Plasmid p8AFGy1,https://rest.uniprot.org/uniprotkb/stream?format=fasta&query=%28proteome%3AUP000515603%20AND%20proteomecomponent%3A%22Plasmid%20p8AFGy1%22%29,Success,UP000515603_Plasmid_p8AFGy1.fasta
UP000515603,Plasmid p9AFGy1,https://rest.uniprot.org/uniprotkb/stream?format=fasta&query=%28proteome%3AUP000515603%20AND%20proteomecomponent%3A%22Plasmid%20p9AFGy1%22%29,Success,UP000515603_Plasmid_p9AFGy1.fasta
UP000008834,Chromosome,https://rest.uniprot.org/uniprotkb/stream?format=fasta&query=%28proteome%3AUP000008834%20AND%20proteomecomponent%3A%22Chromosome%22%29,Success,UP000008834_Chromosome.fasta
UP000008834,Plasmid lp53,https://rest.uniprot.org/uniprotkb/stream?format=fasta&query=%28proteome%3AUP000008834%20AND%20proteomecomponent%3A%22Plasmid%20lp53%22%29,Success,UP000008834_Plasmid_lp53.fasta
UP000183624,Unassembled WGS sequence,https://rest.uniprot.org/uniprotkb/stream?format=fasta&query=%28proteome%3AUP000183624%20AND%20proteomecomponent%3A%22Unassembled%20WGS%20sequence%22%29,Success,UP000183624_Unassembled_WGS_sequence.fasta
UP000199262,Unassembled WGS sequence,https://rest.uniprot.org/uniprotkb/stream?format=fasta&query=%28proteome%3AUP000199262%20AND%20proteomecomponent%3A%22Unassembled%20WGS%20sequence%22%29,Success,UP000199262_Unassembled_WGS_sequence.fasta
UP000529652,Unassembled WGS sequence,https://rest.uniprot.org/uniprotkb/stream?format=fasta&query=%28proteome%3AUP000529652%20AND%20proteomecomponent%3A%22Unassembled%20WGS%20sequence%22%29,Success,UP000529652_Unassembled_WGS_sequence.fasta
UP000005216,Plasmid cp26,https://rest.uniprot.org/uniprotkb/stream?format=fasta&query=%28proteome%3AUP000005216%20AND%20proteomecomponent%3A%22Plasmid%20cp26%22%29,Success,UP000005216_Plasmid_cp26.fasta
UP000005216,Chromosome,https://rest.uniprot.org/uniprotkb/stream?format=fasta&query=%28proteome%3AUP000005216%20AND%20proteomecomponent%3A%22Chromosome%22%29,Success,UP000005216_Chromosome.fasta
UP000005216,Plasmid cp32-1,https://rest.uniprot.org/uniprotkb/stream?format=fasta&query=%28proteome%3AUP000005216%20AND%20proteomecomponent%3A%22Plasmid%20cp32-1%22%29,Success,UP000005216_Plasmid_cp32_1.fasta
UP000005216,Plasmid cp32-11,https://rest.uniprot.org/uniprotkb/stream?format=fasta&query=%28proteome%3AUP000005216%20AND%20proteomecomponent%3A%22Plasmid%20cp32-11%22%29,Success,UP000005216_Plasmid_cp32_11.fasta
UP000005216,Plasmid cp32-12,https://rest.uniprot.org/uniprotkb/stream?format=fasta&query=%28proteome%3AUP000005216%20AND%20proteomecomponent%3A%22Plasmid%20cp32-12%22%29,Success,UP000005216_Plasmid_cp32_12.fasta
UP000005216,Plasmid cp32-3,https://rest.uniprot.org/uniprotkb/stream?format=fasta&query=%28proteome%3AUP000005216%20AND%20proteomecomponent%3A%22Plasmid%20cp32-3%22%29,Success,UP000005216_Plasmid_cp32_3.fasta
UP000005216,Plasmid cp32-5,https://rest.uniprot.org/uniprotkb/stream?format=fasta&query=%28proteome%3AUP000005216%20AND%20proteomecomponent%3A%22Plasmid%20cp32-5%22%29,Success,UP000005216_Plasmid_cp32_5.fasta
UP000005216,Plasmid cp32-7,https://rest.uniprot.org/uniprotkb/stream?format=fasta&query=%28proteome%3AUP000005216%20AND%20proteomecomponent%3A%22Plasmid%20cp32-7%22%29,Success,UP000005216_Plasmid_cp32_7.fasta
UP000005216,Plasmid cp32-9,https://rest.uniprot.org/uniprotkb/stream?format=fasta&query=%28proteome%3AUP000005216%20AND%20proteomecomponent%3A%22Plasmid%20cp32-9%22%29,Success,UP000005216_Plasmid_cp32_9.fasta
UP000005216,Plasmid lp17,https://rest.uniprot.org/uniprotkb/stream?format=fasta&query=%28proteome%3AUP000005216%20AND%20proteomecomponent%3A%22Plasmid%20lp17%22%29,Success,UP000005216_Plasmid_lp17.fasta
UP000005216,Plasmid lp28-2,https://rest.uniprot.org/uniprotkb/stream?format=fasta&query=%28proteome%3AUP000005216%20AND%20proteomecomponent%3A%22Plasmid%20lp28-2%22%29,Success,UP000005216_Plasmid_lp28_2.fasta
UP000005216,Plasmid lp28-3,https://rest.uniprot.org/uniprotkb/stream?format=fasta&query=%28proteome%3AUP000005216%20AND%20proteomecomponent%3A%22Plasmid%20lp28-3%22%29,Success,UP000005216_Plasmid_lp28_3.fasta
UP000005216,Plasmid lp28-4,https://rest.uniprot.org/uniprotkb/stream?format=fasta&query=%28proteome%3AUP000005216%20AND%20proteomecomponent%3A%22Plasmid%20lp28-4%22%29,Success,UP000005216_Plasmid_lp28_4.fasta
UP000005216,Plasmid lp28-7,https://rest.uniprot.org/uniprotkb/stream?format=fasta&query=%28proteome%3AUP000005216%20AND%20proteomecomponent%3A%22Plasmid%20lp28-7%22%29,Success,UP000005216_Plasmid_lp28_7.fasta
UP000005216,Plasmid lp28-8,https://rest.uniprot.org/uniprotkb/stream?format=fasta&query=%28proteome%3AUP000005216%20AND%20proteomecomponent%3A%22Plasmid%20lp28-8%22%29,Success,UP000005216_Plasmid_lp28_8.fasta
UP000005216,Plasmid lp32-10,https://rest.uniprot.org/uniprotkb/stream?format=fasta&query=%28proteome%3AUP000005216%20AND%20proteomecomponent%3A%22Plasmid%20lp32-10%22%29,Success,UP000005216_Plasmid_lp32_10.fasta
UP000005216,Plasmid lp38,https://rest.uniprot.org/uniprotkb/stream?format=fasta&query=%28proteome%3AUP000005216%20AND%20proteomecomponent%3A%22Plasmid%20lp38%22%29,Success,UP000005216_Plasmid_lp38.fasta
UP000005216,Plasmid lp54,https://rest.uniprot.org/uniprotkb/stream?format=fasta&query=%28proteome%3AUP000005216%20AND%20proteomecomponent%3A%22Plasmid%20lp54%22%29,Success,UP000005216_Plasmid_lp54.fasta
UP000006901,Chromosome,https://rest.uniprot.org/uniprotkb/stream?format=fasta&query=%28proteome%3AUP000006901%20AND%20proteomecomponent%3A%22Chromosome%22%29,Success,UP000006901_Chromosome.fasta
UP000006901,Plasmid ZS7_lp25,https://rest.uniprot.org/uniprotkb/stream?format=fasta&query=%28proteome%3AUP000006901%20AND%20proteomecomponent%3A%22Plasmid%20ZS7_lp25%22%29,Success,UP000006901_Plasmid_ZS7_lp25.fasta
UP000006901,Plasmid ZS7_lp54,https://rest.uniprot.org/uniprotkb/stream?format=fasta&query=%28proteome%3AUP000006901%20AND%20proteomecomponent%3A%22Plasmid%20ZS7_lp54%22%29,Success,UP000006901_Plasmid_ZS7_lp54.fasta
UP000006901,Plasmid ZS7_cp32-12,https://rest.uniprot.org/uniprotkb/stream?format=fasta&query=%28proteome%3AUP000006901%20AND%20proteomecomponent%3A%22Plasmid%20ZS7_cp32-12%22%29,Success,UP000006901_Plasmid_ZS7_cp32_12.fasta
UP000006901,Plasmid ZS7_lp36,https://rest.uniprot.org/uniprotkb/stream?format=fasta&query=%28proteome%3AUP000006901%20AND%20proteomecomponent%3A%22Plasmid%20ZS7_lp36%22%29,Success,UP000006901_Plasmid_ZS7_lp36.fasta
UP000006901,Plasmid ZS7_cp32-3+10,https://rest.uniprot.org/uniprotkb/stream?format=fasta&query=%28proteome%3AUP000006901%20AND%20proteomecomponent%3A%22Plasmid%20ZS7_cp32-3%2B10%22%29,Success,UP000006901_Plasmid_ZS7_cp32_3_10.fasta
UP000006901,Plasmid ZS7_lp28-3,https://rest.uniprot.org/uniprotkb/stream?format=fasta&query=%28proteome%3AUP000006901%20AND%20proteomecomponent%3A%22Plasmid%20ZS7_lp28-3%22%29,Success,UP000006901_Plasmid_ZS7_lp28_3.fasta
UP000006901,Plasmid ZS7_lp17,https://rest.uniprot.org/uniprotkb/stream?format=fasta&query=%28proteome%3AUP000006901%20AND%20proteomecomponent%3A%22Plasmid%20ZS7_lp17%22%29,Success,UP000006901_Plasmid_ZS7_lp17.fasta
UP000006901,Plasmid ZS7_cp32-1,https://rest.uniprot.org/uniprotkb/stream?format=fasta&query=%28proteome%3AUP000006901%20AND%20proteomecomponent%3A%22Plasmid%20ZS7_cp32-1%22%29,Success,UP000006901_Plasmid_ZS7_cp32_1.fasta
UP000006901,Plasmid ZS7_lp28-4,https://rest.uniprot.org/uniprotkb/stream?format=fasta&query=%28proteome%3AUP000006901%20AND%20proteomecomponent%3A%22Plasmid%20ZS7_lp28-4%22%29,Success,UP000006901_Plasmid_ZS7_lp28_4.fasta
UP000006901,Plasmid ZS7_cp32-4,https://rest.uniprot.org/uniprotkb/stream?format=fasta&query=%28proteome%3AUP000006901%20AND%20proteomecomponent%3A%22Plasmid%20ZS7_cp32-4%22%29,Success,UP000006901_Plasmid_ZS7_cp32_4.fasta
UP000006901,Plasmid ZS7_lp28-2,https://rest.uniprot.org/uniprotkb/stream?format=fasta&query=%28proteome%3AUP000006901%20AND%20proteomecomponent%3A%22Plasmid%20ZS7_lp28-2%22%29,Success,UP000006901_Plasmid_ZS7_lp28_2.fasta
UP000006901,Plasmid ZS7_lp28-1,https://rest.uniprot.org/uniprotkb/stream?format=fasta&query=%28proteome%3AUP000006901%20AND%20proteomecomponent%3A%22Plasmid%20ZS7_lp28-1%22%29,Success,UP000006901_Plasmid_ZS7_lp28_1.fasta
UP000006901,Plasmid ZS7_cp32-9,https://rest.uniprot.org/uniprotkb/stream?format=fasta&query=%28proteome%3AUP000006901%20AND%20proteomecomponent%3A%22Plasmid%20ZS7_cp32-9%22%29,Success,UP000006901_Plasmid_ZS7_cp32_9.fasta
UP000006901,Plasmid ZS7_cp26,https://rest.uniprot.org/uniprotkb/stream?format=fasta&query=%28proteome%3AUP000006901%20AND%20proteomecomponent%3A%22Plasmid%20ZS7_cp26%22%29,Success,UP000006901_Plasmid_ZS7_cp26.fasta
UP000001634,Chromosome,https://rest.uniprot.org/uniprotkb/stream?format=fasta&query=%28proteome%3AUP000001634%20AND%20proteomecomponent%3A%22Chromosome%22%29,Success,UP000001634_Chromosome.fasta
UP000001634,Plasmid cp26,https://rest.uniprot.org/uniprotkb/stream?format=fasta&query=%28proteome%3AUP000001634%20AND%20proteomecomponent%3A%22Plasmid%20cp26%22%29,Success,UP000001634_Plasmid_cp26.fasta
UP000001634,Plasmid cp32-11,https://rest.uniprot.org/uniprotkb/stream?format=fasta&query=%28proteome%3AUP000001634%20AND%20proteomecomponent%3A%22Plasmid%20cp32-11%22%29,Success,UP000001634_Plasmid_cp32_11.fasta
UP000001634,Plasmid cp32-3,https://rest.uniprot.org/uniprotkb/stream?format=fasta&query=%28proteome%3AUP000001634%20AND%20proteomecomponent%3A%22Plasmid%20cp32-3%22%29,Success,UP000001634_Plasmid_cp32_3.fasta
UP000001634,Plasmid cp32-4,https://rest.uniprot.org/uniprotkb/stream?format=fasta&query=%28proteome%3AUP000001634%20AND%20proteomecomponent%3A%22Plasmid%20cp32-4%22%29,Success,UP000001634_Plasmid_cp32_4.fasta
UP000001634,Plasmid cp32-5,https://rest.uniprot.org/uniprotkb/stream?format=fasta&query=%28proteome%3AUP000001634%20AND%20proteomecomponent%3A%22Plasmid%20cp32-5%22%29,Success,UP000001634_Plasmid_cp32_5.fasta
UP000001634,Plasmid cp32-6,https://rest.uniprot.org/uniprotkb/stream?format=fasta&query=%28proteome%3AUP000001634%20AND%20proteomecomponent%3A%22Plasmid%20cp32-6%22%29,Success,UP000001634_Plasmid_cp32_6.fasta
UP000001634,Plasmid cp32-7,https://rest.uniprot.org/uniprotkb/stream?format=fasta&query=%28proteome%3AUP000001634%20AND%20proteomecomponent%3A%22Plasmid%20cp32-7%22%29,Success,UP000001634_Plasmid_cp32_7.fasta
UP000001634,Plasmid cp32-quad,https://rest.uniprot.org/uniprotkb/stream?format=fasta&query=%28proteome%3AUP000001634%20AND%20proteomecomponent%3A%22Plasmid%20cp32-quad%22%29,Success,UP000001634_Plasmid_cp32_quad.fasta
UP000001634,Plasmid cp9,https://rest.uniprot.org/uniprotkb/stream?format=fasta&query=%28proteome%3AUP000001634%20AND%20proteomecomponent%3A%22Plasmid%20cp9%22%29,Success,UP000001634_Plasmid_cp9.fasta
UP000001634,Plasmid lp17,https://rest.uniprot.org/uniprotkb/stream?format=fasta&query=%28proteome%3AUP000001634%20AND%20proteomecomponent%3A%22Plasmid%20lp17%22%29,Success,UP000001634_Plasmid_lp17.fasta
UP000001634,Plasmid lp25,https://rest.uniprot.org/uniprotkb/stream?format=fasta&query=%28proteome%3AUP000001634%20AND%20proteomecomponent%3A%22Plasmid%20lp25%22%29,Success,UP000001634_Plasmid_lp25.fasta
UP000001634,Plasmid lp28-3,https://rest.uniprot.org/uniprotkb/stream?format=fasta&query=%28proteome%3AUP000001634%20AND%20proteomecomponent%3A%22Plasmid%20lp28-3%22%29,Success,UP000001634_Plasmid_lp28_3.fasta
UP000001634,Plasmid lp28-4,https://rest.uniprot.org/uniprotkb/stream?format=fasta&query=%28proteome%3AUP000001634%20AND%20proteomecomponent%3A%22Plasmid%20lp28-4%22%29,Success,UP000001634_Plasmid_lp28_4.fasta
UP000001634,Plasmid lp28-7,https://rest.uniprot.org/uniprotkb/stream?format=fasta&query=%28proteome%3AUP000001634%20AND%20proteomecomponent%3A%22Plasmid%20lp28-7%22%29,Success,UP000001634_Plasmid_lp28_7.fasta
UP000001634,Plasmid lp54,https://rest.uniprot.org/uniprotkb/stream?format=fasta&query=%28proteome%3AUP000001634%20AND%20proteomecomponent%3A%22Plasmid%20lp54%22%29,Success,UP000001634_Plasmid_lp54.fasta
UP000001634,Plasmid lp56,https://rest.uniprot.org/uniprotkb/stream?format=fasta&query=%28proteome%3AUP000001634%20AND%20proteomecomponent%3A%22Plasmid%20lp56%22%29,Success,UP000001634_Plasmid_lp56.fasta
UP000002276,Plasmid 3,https://rest.uniprot.org/uniprotkb/stream?format=fasta&query=%28proteome%3AUP000002276%20AND%20proteomecomponent%3A%22Plasmid%203%22%29,Success,UP000002276_Plasmid_3.fasta
UP000002276,Chromosome,https://rest.uniprot.org/uniprotkb/stream?format=fasta&query=%28proteome%3AUP000002276%20AND%20proteomecomponent%3A%22Chromosome%22%29,Success,UP000002276_Chromosome.fasta
UP000002276,Plasmid 4,https://rest.uniprot.org/uniprotkb/stream?format=fasta&query=%28proteome%3AUP000002276%20AND%20proteomecomponent%3A%22Plasmid%204%22%29,Success,UP000002276_Plasmid_4.fasta
UP000002276,Plasmid 5,https://rest.uniprot.org/uniprotkb/stream?format=fasta&query=%28proteome%3AUP000002276%20AND%20proteomecomponent%3A%22Plasmid%205%22%29,Success,UP000002276_Plasmid_5.fasta
UP000002276,Plasmid 6,https://rest.uniprot.org/uniprotkb/stream?format=fasta&query=%28proteome%3AUP000002276%20AND%20proteomecomponent%3A%22Plasmid%206%22%29,Success,UP000002276_Plasmid_6.fasta
UP000002276,Plasmid 7,https://rest.uniprot.org/uniprotkb/stream?format=fasta&query=%28proteome%3AUP000002276%20AND%20proteomecomponent%3A%22Plasmid%207%22%29,Success,UP000002276_Plasmid_7.fasta
UP000002276,Plasmid 8,https://rest.uniprot.org/uniprotkb/stream?format=fasta&query=%28proteome%3AUP000002276%20AND%20proteomecomponent%3A%22Plasmid%208%22%29,Success,UP000002276_Plasmid_8.fasta
UP000002276,Plasmid 9,https://rest.uniprot.org/uniprotkb/stream?format=fasta&query=%28proteome%3AUP000002276%20AND%20proteomecomponent%3A%22Plasmid%209%22%29,Success,UP000002276_Plasmid_9.fasta
UP000002276,Plasmid 10,https://rest.uniprot.org/uniprotkb/stream?format=fasta&query=%28proteome%3AUP000002276%20AND%20proteomecomponent%3A%22Plasmid%2010%22%29,Success,UP000002276_Plasmid_10.fasta
UP000002276,Plasmid 11,https://rest.uniprot.org/uniprotkb/stream?format=fasta&query=%28proteome%3AUP000002276%20AND%20proteomecomponent%3A%22Plasmid%2011%22%29,Success,UP000002276_Plasmid_11.fasta
UP000002276,Plasmid 12,https://rest.uniprot.org/uniprotkb/stream?format=fasta&query=%28proteome%3AUP000002276%20AND%20proteomecomponent%3A%22Plasmid%2012%22%29,Success,UP000002276_Plasmid_12.fasta
UP000002276,Plasmid 13,https://rest.uniprot.org/uniprotkb/stream?format=fasta&query=%28proteome%3AUP000002276%20AND%20proteomecomponent%3A%22Plasmid%2013%22%29,Success,UP000002276_Plasmid_13.fasta
UP000002276,Plasmid 14,https://rest.uniprot.org/uniprotkb/stream?format=fasta&query=%28proteome%3AUP000002276%20AND%20proteomecomponent%3A%22Plasmid%2014%22%29,Success,UP000002276_Plasmid_14.fasta
UP000002276,Plasmid 15,https://rest.uniprot.org/uniprotkb/stream?format=fasta&query=%28proteome%3AUP000002276%20AND%20proteomecomponent%3A%22Plasmid%2015%22%29,Success,UP000002276_Plasmid_15.fasta
UP000002276,Plasmid 16,https://rest.uniprot.org/uniprotkb/stream?format=fasta&query=%28proteome%3AUP000002276%20AND%20proteomecomponent%3A%22Plasmid%2016%22%29,Success,UP000002276_Plasmid_16.fasta
UP000002276,Plasmid 17,https://rest.uniprot.org/uniprotkb/stream?format=fasta&query=%28proteome%3AUP000002276%20AND%20proteomecomponent%3A%22Plasmid%2017%22%29,Success,UP000002276_Plasmid_17.fasta
UP000002276,Plasmid 18,https://rest.uniprot.org/uniprotkb/stream?format=fasta&query=%28proteome%3AUP000002276%20AND%20proteomecomponent%3A%22Plasmid%2018%22%29,Success,UP000002276_Plasmid_18.fasta
UP000002276,Plasmid 19,https://rest.uniprot.org/uniprotkb/stream?format=fasta&query=%28proteome%3AUP000002276%20AND%20proteomecomponent%3A%22Plasmid%2019%22%29,Success,UP000002276_Plasmid_19.fasta
UP000002276,Plasmid 20,https://rest.uniprot.org/uniprotkb/stream?format=fasta&query=%28proteome%3AUP000002276%20AND%20proteomecomponent%3A%22Plasmid%2020%22%29,Success,UP000002276_Plasmid_20.fasta
UP000002276,Plasmid 21,https://rest.uniprot.org/uniprotkb/stream?format=fasta&query=%28proteome%3AUP000002276%20AND%20proteomecomponent%3A%22Plasmid%2021%22%29,Success,UP000002276_Plasmid_21.fasta
UP000002276,Plasmid 22,https://rest.uniprot.org/uniprotkb/stream?format=fasta&query=%28proteome%3AUP000002276%20AND%20proteomecomponent%3A%22Plasmid%2022%22%29,Success,UP000002276_Plasmid_22.fasta
UP000002276,Plasmid 23,https://rest.uniprot.org/uniprotkb/stream?format=fasta&query=%28proteome%3AUP000002276%20AND%20proteomecomponent%3A%22Plasmid%2023%22%29,Success,UP000002276_Plasmid_23.fasta
UP000002276,Plasmid 24,https://rest.uniprot.org/uniprotkb/stream?format=fasta&query=%28proteome%3AUP000002276%20AND%20proteomecomponent%3A%22Plasmid%2024%22%29,Success,UP000002276_Plasmid_24.fasta
UP000002276,Plasmid 25,https://rest.uniprot.org/uniprotkb/stream?format=fasta&query=%28proteome%3AUP000002276%20AND%20proteomecomponent%3A%22Plasmid%2025%22%29,Success,UP000002276_Plasmid_25.fasta
UP000002276,Plasmid 26,https://rest.uniprot.org/uniprotkb/stream?format=fasta&query=%28proteome%3AUP000002276%20AND%20proteomecomponent%3A%22Plasmid%2026%22%29,Success,UP000002276_Plasmid_26.fasta
UP000002276,Plasmid 27,https://rest.uniprot.org/uniprotkb/stream?format=fasta&query=%28proteome%3AUP000002276%20AND%20proteomecomponent%3A%22Plasmid%2027%22%29,Success,UP000002276_Plasmid_27.fasta
UP000002276,Plasmid 28,https://rest.uniprot.org/uniprotkb/stream?format=fasta&query=%28proteome%3AUP000002276%20AND%20proteomecomponent%3A%22Plasmid%2028%22%29,Success,UP000002276_Plasmid_28.fasta
UP000002276,Plasmid 29,https://rest.uniprot.org/uniprotkb/stream?format=fasta&query=%28proteome%3AUP000002276%20AND%20proteomecomponent%3A%22Plasmid%2029%22%29,Success,UP000002276_Plasmid_29.fasta
UP000002276,Plasmid 30,https://rest.uniprot.org/uniprotkb/stream?format=fasta&query=%28proteome%3AUP000002276%20AND%20proteomecomponent%3A%22Plasmid%2030%22%29,Success,UP000002276_Plasmid_30.fasta
UP000002276,Plasmid 31,https://rest.uniprot.org/uniprotkb/stream?format=fasta&query=%28proteome%3AUP000002276%20AND%20proteomecomponent%3A%22Plasmid%2031%22%29,Success,UP000002276_Plasmid_31.fasta
UP000002276,Plasmid 32,https://rest.uniprot.org/uniprotkb/stream?format=fasta&query=%28proteome%3AUP000002276%20AND%20proteomecomponent%3A%22Plasmid%2032%22%29,Success,UP000002276_Plasmid_32.fasta
UP000002276,Plasmid 33,https://rest.uniprot.org/uniprotkb/stream?format=fasta&query=%28proteome%3AUP000002276%20AND%20proteomecomponent%3A%22Plasmid%2033%22%29,Success,UP000002276_Plasmid_33.fasta
UP000002276,Plasmid 34,https://rest.uniprot.org/uniprotkb/stream?format=fasta&query=%28proteome%3AUP000002276%20AND%20proteomecomponent%3A%22Plasmid%2034%22%29,Success,UP000002276_Plasmid_34.fasta
UP000002276,Plasmid 35,https://rest.uniprot.org/uniprotkb/stream?format=fasta&query=%28proteome%3AUP000002276%20AND%20proteomecomponent%3A%22Plasmid%2035%22%29,Success,UP000002276_Plasmid_35.fasta
UP000002276,Plasmid 36,https://rest.uniprot.org/uniprotkb/stream?format=fasta&query=%28proteome%3AUP000002276%20AND%20proteomecomponent%3A%22Plasmid%2036%22%29,Success,UP000002276_Plasmid_36.fasta
UP000002276,Plasmid 37,https://rest.uniprot.org/uniprotkb/stream?format=fasta&query=%28proteome%3AUP000002276%20AND%20proteomecomponent%3A%22Plasmid%2037%22%29,Success,UP000002276_Plasmid_37.fasta
UP000002276,Plasmid 38,https://rest.uniprot.org/uniprotkb/stream?format=fasta&query=%28proteome%3AUP000002276%20AND%20proteomecomponent%3A%22Plasmid%2038%22%29,Success,UP000002276_Plasmid_38.fasta
UP000002276,Plasmid 39,https://rest.uniprot.org/uniprotkb/stream?format=fasta&query=%28proteome%3AUP000002276%20AND%20proteomecomponent%3A%22Plasmid%2039%22%29,Success,UP000002276_Plasmid_39.fasta
UP000002276,Plasmid cp26,https://rest.uniprot.org/uniprotkb/stream?format=fasta&query=%28proteome%3AUP000002276%20AND%20proteomecomponent%3A%22Plasmid%20cp26%22%29,Success,UP000002276_Plasmid_cp26.fasta
UP000002276,Plasmid lp54,https://rest.uniprot.org/uniprotkb/stream?format=fasta&query=%28proteome%3AUP000002276%20AND%20proteomecomponent%3A%22Plasmid%20lp54%22%29,Success,UP000002276_Plasmid_lp54.fasta
